2624,Chaos Dandy Lion,Field Plants,1,/en/mmorpg/game-guide/bestiary/16-field-plants/2624-chaos-dandy-lion
2746,Distance Disciple,Wodent,1,/en/mmorpg/game-guide/bestiary/174-wodent/2746-distance-disciple
2511,Mimi,Clan Members,1,/en/mmorpg/game-guide/bestiary/143-clan-members/2511-mimi
2644,Tiwodent,Wodent,1,/en/mmorpg/game-guide/bestiary/174-wodent/2644-tiwodent
2506,Tiwodent,Wodent,1,/en/mmorpg/game-guide/bestiary/174-wodent/2506-tiwodent
2512,Wolfgang,Clan Members,1,/en/mmorpg/game-guide/bestiary/143-clan-members/2512-wolfgang
2146,Astrubian Lilpiwi,Piwis,2,/en/mmorpg/game-guide/bestiary/15-piwis/2146-astrubian-lilpiwi
86,Lilpiwi,Piwis,2,/en/mmorpg/game-guide/bestiary/15-piwis/86-lilpiwi
857,Wodent,Wodent,2,/en/mmorpg/game-guide/bestiary/174-wodent/857-wodent
2504,Wodent,Wodent,2,/en/mmorpg/game-guide/bestiary/174-wodent/2504-wodent
2156,Astrubian Bow Meow,Bow Meows,3,/en/mmorpg/game-guide/bestiary/176-bow-meows/2156-astrubian-bow-meow
1710,Astrubian Rat,Rats,3,/en/mmorpg/game-guide/bestiary/28-rats/1710-astrubian-rat
833,Bow Meow,Bow Meows,3,/en/mmorpg/game-guide/bestiary/176-bow-meows/833-bow-meow
2616,Bow Meow,Bow Meows,3,/en/mmorpg/game-guide/bestiary/176-bow-meows/2616-bow-meow
2505,Mama Wodent,Wodent,3,/en/mmorpg/game-guide/bestiary/174-wodent/2505-mama-wodent
2645,Mama Wodent,Wodent,3,/en/mmorpg/game-guide/bestiary/174-wodent/2645-mama-wodent
1721,Tornado,Mount Zinit - Tornados,3,/en/mmorpg/game-guide/bestiary/374-mount-zinit-tornados/1721-tornado
2151,Astrubian Blue Piwi,Piwis,4,/en/mmorpg/game-guide/bestiary/15-piwis/2151-astrubian-blue-piwi
2149,Astrubian Green Piwi,Piwis,4,/en/mmorpg/game-guide/bestiary/15-piwis/2149-astrubian-green-piwi
2147,Astrubian Pink Piwi,Piwis,4,/en/mmorpg/game-guide/bestiary/15-piwis/2147-astrubian-pink-piwi
2148,Astrubian Purple Piwi,Piwis,4,/en/mmorpg/game-guide/bestiary/15-piwis/2148-astrubian-purple-piwi
2150,Astrubian Red Piwi,Piwis,4,/en/mmorpg/game-guide/bestiary/15-piwis/2150-astrubian-red-piwi
88,Blue Piwi,Piwis,4,/en/mmorpg/game-guide/bestiary/15-piwis/88-blue-piwi
2601,Chaos Plant,Field Plants,4,/en/mmorpg/game-guide/bestiary/16-field-plants/2601-chaos-plant
2140,Crazy Lumberjane,Humanoids,4,/en/mmorpg/game-guide/bestiary/202-humanoids/2140-crazy-lumberjane
90,Green Piwi,Piwis,4,/en/mmorpg/game-guide/bestiary/15-piwis/90-green-piwi
2819,Nanny Larva,Larvae,4,/en/mmorpg/game-guide/bestiary/14-larvae/2819-nanny-larva
272,Pink Piwi,Piwis,4,/en/mmorpg/game-guide/bestiary/15-piwis/272-pink-piwi
271,Purple Piwi,Piwis,4,/en/mmorpg/game-guide/bestiary/15-piwis/271-purple-piwi
87,Red Piwi,Piwis,4,/en/mmorpg/game-guide/bestiary/15-piwis/87-red-piwi
1728,Starfish,Mount Zinit - Beach,4,/en/mmorpg/game-guide/bestiary/372-mount-zinit-beach/1728-starfish
2543,Starfish,Mount Zinit - Beach,4,/en/mmorpg/game-guide/bestiary/372-mount-zinit-beach/2543-starfish
1663,Amaknian Guard,Humanoids,5,/en/mmorpg/game-guide/bestiary/202-humanoids/1663-amaknian-guard
6,Baby Tofu,Tofus,5,/en/mmorpg/game-guide/bestiary/1-tofus/6-baby-tofu
1572,Baby Tofu Ghostof,Tofus,5,/en/mmorpg/game-guide/bestiary/1-tofus/1572-baby-tofu-ghostof
2,Black Gobbly,Gobballs,5,/en/mmorpg/game-guide/bestiary/2-gobballs/2-black-gobbly
1562,Black Gobbly Ghostof,Gobballs,5,/en/mmorpg/game-guide/bestiary/2-gobballs/1562-black-gobbly-ghostof
1664,Bontarian Guard,Humanoids,5,/en/mmorpg/game-guide/bestiary/202-humanoids/1664-bontarian-guard
2205,Boobytrapped Package,Kwismas Creatures,5,/en/mmorpg/game-guide/bestiary/478-kwismas-creatures/2205-boobytrapped-package
1662,Brakmarian Guard,Humanoids,5,/en/mmorpg/game-guide/bestiary/202-humanoids/1662-brakmarian-guard
1369,Cra of Destiny,Humanoids,5,/en/mmorpg/game-guide/bestiary/202-humanoids/1369-cra-destiny
2507,Dark Wodent,Wodent,5,/en/mmorpg/game-guide/bestiary/174-wodent/2507-dark-wodent
1371,Eniripsa of Destiny,Humanoids,5,/en/mmorpg/game-guide/bestiary/202-humanoids/1371-eniripsa-destiny
1368,Feca of Destiny,Humanoids,5,/en/mmorpg/game-guide/bestiary/202-humanoids/1368-feca-destiny
1714,Greedoball,,5,/en/mmorpg/game-guide/bestiary/385-/1714-greedoball
2547,Greedoball,,5,/en/mmorpg/game-guide/bestiary/385-/2547-greedoball
2546,Greedoblimp,,5,/en/mmorpg/game-guide/bestiary/385-/2546-greedoblimp
1713,Greedoblimp,,5,/en/mmorpg/game-guide/bestiary/385-/1713-greedoblimp
2548,Greedodrip,,5,/en/mmorpg/game-guide/bestiary/385-/2548-greedodrip
1715,Greedodrip,,5,/en/mmorpg/game-guide/bestiary/385-/1715-greedodrip
2549,Greedodude,,5,/en/mmorpg/game-guide/bestiary/385-/2549-greedodude
1716,Greedodude,,5,/en/mmorpg/game-guide/bestiary/385-/1716-greedodude
1732,Ogrest's Cult,Humanoids,5,/en/mmorpg/game-guide/bestiary/202-humanoids/1732-ogrest-cult
1731,Ogrest's Cult,Humanoids,5,/en/mmorpg/game-guide/bestiary/202-humanoids/1731-ogrest-cult
1734,Ogrest's Cult,Humanoids,5,/en/mmorpg/game-guide/bestiary/202-humanoids/1734-ogrest-cult
1733,Ogrest's Cult,Humanoids,5,/en/mmorpg/game-guide/bestiary/202-humanoids/1733-ogrest-cult
2610,Ogrest's Cult Pirate,Humanoids,5,/en/mmorpg/game-guide/bestiary/202-humanoids/2610-ogrest-cult-pirate
1260,Ratou,Rats,5,/en/mmorpg/game-guide/bestiary/28-rats/1260-ratou
1665,Sufokian Guard,Humanoids,5,/en/mmorpg/game-guide/bestiary/202-humanoids/1665-sufokian-guard
1817,White Bow Meow,Bow Meows,5,/en/mmorpg/game-guide/bestiary/176-bow-meows/1817-white-bow-meow
2617,White Bow Meow,Bow Meows,5,/en/mmorpg/game-guide/bestiary/176-bow-meows/2617-white-bow-meow
39,White Gobbly,Gobballs,5,/en/mmorpg/game-guide/bestiary/2-gobballs/39-white-gobbly
1561,White Gobbly Ghostof,Gobballs,5,/en/mmorpg/game-guide/bestiary/2-gobballs/1561-white-gobbly-ghostof
1370,Xelor of Destiny,Humanoids,5,/en/mmorpg/game-guide/bestiary/202-humanoids/1370-xelor-destiny
1729,Zinit Surimi,Mount Zinit - Beach,5,/en/mmorpg/game-guide/bestiary/372-mount-zinit-beach/1729-zinit-surimi
2544,Zinit Surimi,Mount Zinit - Beach,5,/en/mmorpg/game-guide/bestiary/372-mount-zinit-beach/2544-zinit-surimi
2598,Angora Bow Meow,Bow Meows,6,/en/mmorpg/game-guide/bestiary/176-bow-meows/2598-angora-bow-meow
2155,Astrubian Blue Googoo,Piwis,6,/en/mmorpg/game-guide/bestiary/15-piwis/2155-astrubian-blue-googoo
2153,Astrubian Green Googoo,Piwis,6,/en/mmorpg/game-guide/bestiary/15-piwis/2153-astrubian-green-googoo
2152,Astrubian Purple Googoo,Piwis,6,/en/mmorpg/game-guide/bestiary/15-piwis/2152-astrubian-purple-googoo
2154,Astrubian Red Googoo,Piwis,6,/en/mmorpg/game-guide/bestiary/15-piwis/2154-astrubian-red-googoo
1267,Blue Googoo,Piwis,6,/en/mmorpg/game-guide/bestiary/15-piwis/1267-blue-googoo
1269,Green Googoo,Piwis,6,/en/mmorpg/game-guide/bestiary/15-piwis/1269-green-googoo
1270,Purple Googoo,Piwis,6,/en/mmorpg/game-guide/bestiary/15-piwis/1270-purple-googoo
1268,Red Googoo,Piwis,6,/en/mmorpg/game-guide/bestiary/15-piwis/1268-red-googoo
1374,Sadida of Respite,Humanoids,6,/en/mmorpg/game-guide/bestiary/202-humanoids/1374-sadida-respite
2763,Shadowy Crablock,Mount Zinit - Beach,6,/en/mmorpg/game-guide/bestiary/372-mount-zinit-beach/2763-shadowy-crablock
1722,Tornado Chief,Mount Zinit - Tornados,6,/en/mmorpg/game-guide/bestiary/374-mount-zinit-tornados/1722-tornado-chief
2545,Zinit Cap'n Crablock,Mount Zinit - Beach,6,/en/mmorpg/game-guide/bestiary/372-mount-zinit-beach/2545-zinit-cap-crablock
1730,Zinit Cap'n Crablock,Mount Zinit - Beach,6,/en/mmorpg/game-guide/bestiary/372-mount-zinit-beach/1730-zinit-cap-crablock
1695,Amaknian Ghostof Guard,Humanoids,7,/en/mmorpg/game-guide/bestiary/202-humanoids/1695-amaknian-ghostof-guard
1697,Bontarian Ghostof Guard,Humanoids,7,/en/mmorpg/game-guide/bestiary/202-humanoids/1697-bontarian-ghostof-guard
1698,Brakmarian Ghostof Guard,Humanoids,7,/en/mmorpg/game-guide/bestiary/202-humanoids/1698-brakmarian-ghostof-guard
1372,Ecaflip of Respite,Humanoids,7,/en/mmorpg/game-guide/bestiary/202-humanoids/1372-ecaflip-respite
1375,Osamodas of Respite,Humanoids,7,/en/mmorpg/game-guide/bestiary/202-humanoids/1375-osamodas-respite
1373,Pandawa of Respite,Humanoids,7,/en/mmorpg/game-guide/bestiary/202-humanoids/1373-pandawa-respite
2597,Persian Bow Meow,Bow Meows,7,/en/mmorpg/game-guide/bestiary/176-bow-meows/2597-persian-bow-meow
1699,Sufokian Ghostof Guard,Humanoids,7,/en/mmorpg/game-guide/bestiary/202-humanoids/1699-sufokian-ghostof-guard
1678,Astrubian Dandy Lion,Field Plants,8,/en/mmorpg/game-guide/bestiary/16-field-plants/1678-astrubian-dandy-lion
1674,Astrubian Scarafly,Scaras,8,/en/mmorpg/game-guide/bestiary/283-scaras/1674-astrubian-scarafly
1672,Astrubian Young Wild Sow,Bliblis,8,/en/mmorpg/game-guide/bestiary/7-bliblis/1672-astrubian-young-wild-sow
1677,Astrubian Zordfish,Snappers,8,/en/mmorpg/game-guide/bestiary/315-snappers/1677-astrubian-zordfish
1708,Baron Sramedi,Humanoids,8,/en/mmorpg/game-guide/bestiary/202-humanoids/1708-baron-sramedi
122,Cra Ghostofette,Ghostofs,8,/en/mmorpg/game-guide/bestiary/12-ghostofs/122-cra-ghostofette
641,Ecaflip Ghostof,Ghostofs,8,/en/mmorpg/game-guide/bestiary/12-ghostofs/641-ecaflip-ghostof
802,Eniripsa Ghostof,Ghostofs,8,/en/mmorpg/game-guide/bestiary/12-ghostofs/802-eniripsa-ghostof
1379,Enutrof of Trouble,Humanoids,8,/en/mmorpg/game-guide/bestiary/202-humanoids/1379-enutrof-trouble
75,Iop Ghostof,Ghostofs,8,/en/mmorpg/game-guide/bestiary/12-ghostofs/75-iop-ghostof
1376,Iop of Trouble,Humanoids,8,/en/mmorpg/game-guide/bestiary/202-humanoids/1376-iop-trouble
677,Sacrier Ghostof,Ghostofs,8,/en/mmorpg/game-guide/bestiary/12-ghostofs/677-sacrier-ghostof
1378,Sacrier of Trouble,Humanoids,8,/en/mmorpg/game-guide/bestiary/202-humanoids/1378-sacrier-trouble
1377,Sram of Trouble,Humanoids,8,/en/mmorpg/game-guide/bestiary/202-humanoids/1377-sram-trouble
1673,Astrubian Blibli,Bliblis,10,/en/mmorpg/game-guide/bestiary/7-bliblis/1673-astrubian-blibli
1679,Astrubian Demonic Rose,Field Plants,10,/en/mmorpg/game-guide/bestiary/16-field-plants/1679-astrubian-demonic-rose
1676,Astrubian Don Puffnando,Snappers,10,/en/mmorpg/game-guide/bestiary/315-snappers/1676-astrubian-don-puffnando
1675,Astrubian Scaramel,Scaras,10,/en/mmorpg/game-guide/bestiary/283-scaras/1675-astrubian-scaramel
1711,Astrubian White Larva,Larvae,10,/en/mmorpg/game-guide/bestiary/14-larvae/1711-astrubian-white-larva
2293,Cloudy Lilpiwi,Piwis,10,/en/mmorpg/game-guide/bestiary/15-piwis/2293-cloudy-lilpiwi
1670,Dark Baker of Amakna,Humanoids,10,/en/mmorpg/game-guide/bestiary/202-humanoids/1670-dark-baker-amakna
1669,Dark Fisherman of Sufokia,Humanoids,10,/en/mmorpg/game-guide/bestiary/202-humanoids/1669-dark-fisherman-sufokia
1671,Dark Lumberjack of Bonta,Humanoids,10,/en/mmorpg/game-guide/bestiary/202-humanoids/1671-dark-lumberjack-bonta
1668,Dark Miner of Brakmar,Humanoids,10,/en/mmorpg/game-guide/bestiary/202-humanoids/1668-dark-miner-brakmar
1,Gobball,Gobballs,10,/en/mmorpg/game-guide/bestiary/2-gobballs/1-gobball
1559,Gobball Ghostof,Gobballs,10,/en/mmorpg/game-guide/bestiary/2-gobballs/1559-gobball-ghostof
2602,Greedoblop,,10,/en/mmorpg/game-guide/bestiary/385-/2602-greedoblop
1736,Greedoblop,,10,/en/mmorpg/game-guide/bestiary/385-/1736-greedoblop
1816,Maine Goon,Bow Meows,10,/en/mmorpg/game-guide/bestiary/176-bow-meows/1816-maine-goon
1112,Romeow,Ghostofs,10,/en/mmorpg/game-guide/bestiary/12-ghostofs/1112-romeow
1262,Skeleton Rat,Rats,10,/en/mmorpg/game-guide/bestiary/28-rats/1262-skeleton-rat
4,Tofu,Tofus,10,/en/mmorpg/game-guide/bestiary/1-tofus/4-tofu
1574,Tofu Ghostof,Tofus,10,/en/mmorpg/game-guide/bestiary/1-tofus/1574-tofu-ghostof
735,White Larva,Larvae,10,/en/mmorpg/game-guide/bestiary/14-larvae/735-white-larva
1517,Beastly Gobbly,Gobballs,13,/en/mmorpg/game-guide/bestiary/2-gobballs/1517-beastly-gobbly
138,Downy Dandelion,Field Plants,14,/en/mmorpg/game-guide/bestiary/16-field-plants/138-downy-dandelion
1723,Aguabrial,Mount Zinit - Aguabrial,15,/en/mmorpg/game-guide/bestiary/376-mount-zinit-aguabrial/1723-aguabrial
2169,Astrubian Blue Larva,Larvae,15,/en/mmorpg/game-guide/bestiary/14-larvae/2169-astrubian-blue-larva
2167,Astrubian Green Larva,Larvae,15,/en/mmorpg/game-guide/bestiary/14-larvae/2167-astrubian-green-larva
2168,Astrubian Orange Larva,Larvae,15,/en/mmorpg/game-guide/bestiary/14-larvae/2168-astrubian-orange-larva
2166,Astrubian Purple Larva,Larvae,15,/en/mmorpg/game-guide/bestiary/14-larvae/2166-astrubian-purple-larva
123,Blue Larva,Larvae,15,/en/mmorpg/game-guide/bestiary/14-larvae/123-blue-larva
1136,Celestial Gobball,Gobballs,15,/en/mmorpg/game-guide/bestiary/2-gobballs/1136-celestial-gobball
2274,Cloudy Pink Piwi,Piwis,15,/en/mmorpg/game-guide/bestiary/15-piwis/2274-cloudy-pink-piwi
2275,Cloudy Piwi,Piwis,15,/en/mmorpg/game-guide/bestiary/15-piwis/2275-cloudy-piwi
1725,Fleaster Wodent,Wodent,15,/en/mmorpg/game-guide/bestiary/174-wodent/1725-fleaster-wodent
41,Gobbette,Gobballs,15,/en/mmorpg/game-guide/bestiary/2-gobballs/41-gobbette
1560,Gobbette Ghostof,Gobballs,15,/en/mmorpg/game-guide/bestiary/2-gobballs/1560-gobbette-ghostof
125,Green Larva,Larvae,15,/en/mmorpg/game-guide/bestiary/14-larvae/125-green-larva
124,Orange Larva,Larvae,15,/en/mmorpg/game-guide/bestiary/14-larvae/124-orange-larva
785,Purple Larva,Larvae,15,/en/mmorpg/game-guide/bestiary/14-larvae/785-purple-larva
1261,Rat,Rats,15,/en/mmorpg/game-guide/bestiary/28-rats/1261-rat
1187,Royal Piwi,Piwis,15,/en/mmorpg/game-guide/bestiary/15-piwis/1187-royal-piwi
5,Tofoone,Tofus,15,/en/mmorpg/game-guide/bestiary/1-tofus/5-tofoone
1573,Tofoone Ghostof,Tofus,15,/en/mmorpg/game-guide/bestiary/1-tofus/1573-tofoone-ghostof
2869,Spring Gobball,Gobballs,18,/en/mmorpg/game-guide/bestiary/2-gobballs/2869-spring-gobball
1556,Bernardo dia Reya,Snappers,20,/en/mmorpg/game-guide/bestiary/315-snappers/1556-bernardo-dia-reya
1588,Bernardo Ghostof,Snappers,20,/en/mmorpg/game-guide/bestiary/315-snappers/1588-bernardo-ghostof
2304,Cloudy Baby Tofu,Tofus,20,/en/mmorpg/game-guide/bestiary/1-tofus/2304-cloudy-baby-tofu
2276,Cloudy Googoo,Piwis,20,/en/mmorpg/game-guide/bestiary/15-piwis/2276-cloudy-googoo
135,Dandy Lion,Field Plants,20,/en/mmorpg/game-guide/bestiary/16-field-plants/135-dandy-lion
1578,Dandy Lion Ghostof,Field Plants,20,/en/mmorpg/game-guide/bestiary/16-field-plants/1578-dandy-lion-ghostof
1237,Dinky Puddly,Puddlies,20,/en/mmorpg/game-guide/bestiary/226-puddlies/1237-dinky-puddly
3,Gobball War Chief,Gobballs,20,/en/mmorpg/game-guide/bestiary/2-gobballs/3-gobball-chief
2880,Incarnated Abomination,Humanoids,20,/en/mmorpg/game-guide/bestiary/202-humanoids/2880-incarnated-abomination
692,Master Thirstin Hunga,Ghostofs,20,/en/mmorpg/game-guide/bestiary/12-ghostofs/692-master-thirstin-hunga
1222,Moofly,Moogrr,20,/en/mmorpg/game-guide/bestiary/218-moogrr/1222-moofly
2877,Occult Cult,Humanoids,20,/en/mmorpg/game-guide/bestiary/202-humanoids/2877-occult-cult
2876,Occult Cult,Humanoids,20,/en/mmorpg/game-guide/bestiary/202-humanoids/2876-occult-cult
2879,Occult Cult,Humanoids,20,/en/mmorpg/game-guide/bestiary/202-humanoids/2879-occult-cult
2878,Occult Cult,Humanoids,20,/en/mmorpg/game-guide/bestiary/202-humanoids/2878-occult-cult
1610,Ogrest's Cult,Humanoids,20,/en/mmorpg/game-guide/bestiary/202-humanoids/1610-ogrest-cult
1609,Ogrest's Cult,Humanoids,20,/en/mmorpg/game-guide/bestiary/202-humanoids/1609-ogrest-cult
1606,Ogrest's Cult,Humanoids,20,/en/mmorpg/game-guide/bestiary/202-humanoids/1606-ogrest-cult
1605,Ogrest's Cult,Humanoids,20,/en/mmorpg/game-guide/bestiary/202-humanoids/1605-ogrest-cult
1612,Ogrest's Cult,Humanoids,20,/en/mmorpg/game-guide/bestiary/202-humanoids/1612-ogrest-cult
1608,Ogrest's Cult,Humanoids,20,/en/mmorpg/game-guide/bestiary/202-humanoids/1608-ogrest-cult
1607,Ogrest's Cult,Humanoids,20,/en/mmorpg/game-guide/bestiary/202-humanoids/1607-ogrest-cult
1611,Ogrest's Cult,Humanoids,20,/en/mmorpg/game-guide/bestiary/202-humanoids/1611-ogrest-cult
1430,Scarafly,Scaras,20,/en/mmorpg/game-guide/bestiary/283-scaras/1430-scarafly
1570,Scarafly Ghostof,Scaras,20,/en/mmorpg/game-guide/bestiary/283-scaras/1570-scarafly-ghostof
1839,Schnek Egg,Mount Zinit - Schneks,20,/en/mmorpg/game-guide/bestiary/400-mount-zinit-schneks/1839-schnek-egg
2157,Shin Larva,Larvae,20,/en/mmorpg/game-guide/bestiary/14-larvae/2157-shin-larva
1446,Strichon,Striches,20,/en/mmorpg/game-guide/bestiary/288-striches/1446-strichon
1583,Surimi,Crabs,20,/en/mmorpg/game-guide/bestiary/326-crabs/1583-surimi
704,Tofurby,Tofus,20,/en/mmorpg/game-guide/bestiary/1-tofus/704-tofurby
1575,Tofurby Ghostof,Tofus,20,/en/mmorpg/game-guide/bestiary/1-tofus/1575-tofurby-ghostof
1563,War Chief Ghostof,Gobballs,20,/en/mmorpg/game-guide/bestiary/2-gobballs/1563-chief-ghostof
1737,Will-o-the-Wisp,Chafers,20,/en/mmorpg/game-guide/bestiary/47-chafers/1737-will-o-wisp
52,Young Wild Sow,Bliblis,20,/en/mmorpg/game-guide/bestiary/7-bliblis/52-young-wild-sow
1567,Young Wild Sow Ghostof,Bliblis,20,/en/mmorpg/game-guide/bestiary/7-bliblis/1567-young-wild-sow-ghostof
1239,Puddly,Puddlies,23,/en/mmorpg/game-guide/bestiary/226-puddlies/1239-puddly
1275,Spiny Glutton,Field Plants,23,/en/mmorpg/game-guide/bestiary/16-field-plants/1275-spiny-glutton
1577,Spiny Glutton Ghostof,Field Plants,23,/en/mmorpg/game-guide/bestiary/16-field-plants/1577-spiny-glutton-ghostof
1805,Zinit Stalagnome,Mount Zinit - Stalagmotes,23,/en/mmorpg/game-guide/bestiary/398-mount-zinit-stalagmotes/1805-zinit-stalagnome
1523,Beastly Gobball,Gobballs,24,/en/mmorpg/game-guide/bestiary/2-gobballs/1523-beastly-gobball
1806,Zinit Stalagawk,Mount Zinit - Stalagmotes,24,/en/mmorpg/game-guide/bestiary/398-mount-zinit-stalagmotes/1806-zinit-stalagawk
1597,Albatrocious,Albatrocious,25,/en/mmorpg/game-guide/bestiary/329-albatrocious/1597-albatrocious
1477,Bellaphone,Bellaphones,25,/en/mmorpg/game-guide/bestiary/332-bellaphones/1477-bellaphone
1585,Cap'n Crablock,Crabs,25,/en/mmorpg/game-guide/bestiary/326-crabs/1585-cap-crablock
95,Demonic Rose,Field Plants,25,/en/mmorpg/game-guide/bestiary/16-field-plants/95-demonic-rose
1580,Demonic Rose Ghostof,Field Plants,25,/en/mmorpg/game-guide/bestiary/16-field-plants/1580-demonic-rose-ghostof
1555,Don Puffnando,Snappers,25,/en/mmorpg/game-guide/bestiary/315-snappers/1555-don-puffnando
1589,Don Puffnando Ghostof,Snappers,25,/en/mmorpg/game-guide/bestiary/315-snappers/1589-don-puffnando-ghostof
58,Glai,Bliblis,25,/en/mmorpg/game-guide/bestiary/7-bliblis/58-glai
1564,Glai Ghostof,Bliblis,25,/en/mmorpg/game-guide/bestiary/7-bliblis/1564-glai-ghostof
1220,Moogrroon,Moogrr,25,/en/mmorpg/game-guide/bestiary/218-moogrr/1220-moogrroon
1263,Prespic,Prespics,25,/en/mmorpg/game-guide/bestiary/232-prespics/1263-prespic
1431,Scaramel,Scaras,25,/en/mmorpg/game-guide/bestiary/283-scaras/1431-scaramel
1571,Scaramel Ghostof,Scaras,25,/en/mmorpg/game-guide/bestiary/283-scaras/1571-scaramel-ghostof
348,Scarecroolate,Scarecrows,25,/en/mmorpg/game-guide/bestiary/45-scarecrows/348-scarecroolate
1448,Strich,Striches,25,/en/mmorpg/game-guide/bestiary/288-striches/1448-strich
1552,Tombola Stone,,25,/en/mmorpg/game-guide/bestiary/320-/1552-tombola-stone
1804,Zinit Stalaguar,Mount Zinit - Stalagmotes,25,/en/mmorpg/game-guide/bestiary/398-mount-zinit-stalagmotes/1804-zinit-stalaguar
1238,Mama Puddly,Puddlies,26,/en/mmorpg/game-guide/bestiary/226-puddlies/1238-mama-puddly
144,Darkover Rose,Field Plants,28,/en/mmorpg/game-guide/bestiary/16-field-plants/144-darkover-rose
1581,Darkover Rose Ghostof,Field Plants,28,/en/mmorpg/game-guide/bestiary/16-field-plants/1581-darkover-rose-ghostof
1535,Brutish Gobbette,Gobballs,29,/en/mmorpg/game-guide/bestiary/2-gobballs/1535-brutish-gobbette
1812,Bidge,Opulence,30,/en/mmorpg/game-guide/bestiary/407-opulence/1812-bidge
57,Blibli,Bliblis,30,/en/mmorpg/game-guide/bestiary/7-bliblis/57-blibli
1565,Blibli Ghostof,Bliblis,30,/en/mmorpg/game-guide/bestiary/7-bliblis/1565-blibli-ghostof
2277,Celestial Piwi,Piwis,30,/en/mmorpg/game-guide/bestiary/15-piwis/2277-celestial-piwi
1366,Chafer Archer,Chafers,30,/en/mmorpg/game-guide/bestiary/47-chafers/1366-chafer-archer
2200,Comman Deer,Kwismas Creatures,30,/en/mmorpg/game-guide/bestiary/478-kwismas-creatures/2200-comman-deer
1855,Cupiddlypants,Humanoids,30,/en/mmorpg/game-guide/bestiary/202-humanoids/1855-cupiddlypants
2112,Dominant Gobball,Gobballs,30,/en/mmorpg/game-guide/bestiary/2-gobballs/2112-dominant-gobball
2113,Dominant Tofu,Tofus,30,/en/mmorpg/game-guide/bestiary/1-tofus/2113-dominant-tofu
94,Evil Dandelion,Field Plants,30,/en/mmorpg/game-guide/bestiary/16-field-plants/94-evil-dandelion
1584,Father Crabstix,Crabs,30,/en/mmorpg/game-guide/bestiary/326-crabs/1584-father-crabstix
1835,Fluffy Black Gobbly,Gobballs,30,/en/mmorpg/game-guide/bestiary/2-gobballs/1835-fluffy-black-gobbly
1834,Fluffy White Gobbly,Gobballs,30,/en/mmorpg/game-guide/bestiary/2-gobballs/1834-fluffy-white-gobbly
2874,Gift Package,Kwismas Creatures,30,/en/mmorpg/game-guide/bestiary/478-kwismas-creatures/2874-gift-package
2201,Gift Package,Kwismas Creatures,30,/en/mmorpg/game-guide/bestiary/478-kwismas-creatures/2201-gift-package
2224,Gift Package,Kwismas Creatures,30,/en/mmorpg/game-guide/bestiary/478-kwismas-creatures/2224-gift-package
2875,Gift Package,Kwismas Creatures,30,/en/mmorpg/game-guide/bestiary/478-kwismas-creatures/2875-gift-package
2294,Golden Googoo,Piwis,30,/en/mmorpg/game-guide/bestiary/15-piwis/2294-golden-googoo
1814,Jerkie,Opulence,30,/en/mmorpg/game-guide/bestiary/407-opulence/1814-jerkie
1135,Little Mushd,Mushds,30,/en/mmorpg/game-guide/bestiary/200-mushds/1135-little-mushd
1221,Moogrr,Moogrr,30,/en/mmorpg/game-guide/bestiary/218-moogrr/1221-moogrr
1070,Moskito,Moskitos,30,/en/mmorpg/game-guide/bestiary/6-moskitos/1070-moskito
326,Prancing Chimera,Toads,30,/en/mmorpg/game-guide/bestiary/40-toads/326-prancing-chimera
1240,Puddly Chief,Puddlies,30,/en/mmorpg/game-guide/bestiary/226-puddlies/1240-puddly-chief
1432,Scaralady,Scaras,30,/en/mmorpg/game-guide/bestiary/283-scaras/1432-scaralady
1569,Scaralady Ghostof,Scaras,30,/en/mmorpg/game-guide/bestiary/283-scaras/1569-scaralady-ghostof
1551,Scythescraper,,30,/en/mmorpg/game-guide/bestiary/320-/1551-scythescraper
1447,Thingamastrich,Striches,30,/en/mmorpg/game-guide/bestiary/288-striches/1447-thingamastrich
1686,Tikoko,Kokokos,30,/en/mmorpg/game-guide/bestiary/355-kokokos/1686-tikoko
1813,Wedgie,Opulence,30,/en/mmorpg/game-guide/bestiary/407-opulence/1813-wedgie
1554,Zordfish,Snappers,30,/en/mmorpg/game-guide/bestiary/315-snappers/1554-zordfish
1590,Zordfish Ghostof,Snappers,30,/en/mmorpg/game-guide/bestiary/315-snappers/1590-zordfish-ghostof
1579,Evil Dandelion Ghostof,Field Plants,31,/en/mmorpg/game-guide/bestiary/16-field-plants/1579-evil-dandelion-ghostof
1833,Fluffy Gobball,Gobballs,33,/en/mmorpg/game-guide/bestiary/2-gobballs/1833-fluffy-gobball
1538,Brutish War Chief,Gobballs,34,/en/mmorpg/game-guide/bestiary/2-gobballs/1538-brutish-chief
1808,Mini Schnek,Mount Zinit - Schneks,34,/en/mmorpg/game-guide/bestiary/400-mount-zinit-schneks/1808-mini-schnek
54,Aggressive Blibli,Bliblis,35,/en/mmorpg/game-guide/bestiary/7-bliblis/54-aggressive-blibli
1566,Aggressive Blibli Ghostof,Bliblis,35,/en/mmorpg/game-guide/bestiary/7-bliblis/1566-aggressive-blibli-ghostof
280,Arachnee,Arachnees,35,/en/mmorpg/game-guide/bestiary/36-arachnees/280-arachnee
1359,Blue Raspberry Blii,Jellies,35,/en/mmorpg/game-guide/bestiary/260-jellies/1359-blue-raspberry-blii
1355,Chafer Lancer,Chafers,35,/en/mmorpg/game-guide/bestiary/47-chafers/1355-chafer-lancer
2263,Cloudy Tofu,Tofus,35,/en/mmorpg/game-guide/bestiary/1-tofus/2263-cloudy-tofu
1274,Exploding Sunflower,Field Plants,35,/en/mmorpg/game-guide/bestiary/16-field-plants/1274-exploding-sunflower
1582,Exploding Sunflower Ghostof,Field Plants,35,/en/mmorpg/game-guide/bestiary/16-field-plants/1582-exploding-sunflower-ghostof
1687,Kokoko,Kokokos,35,/en/mmorpg/game-guide/bestiary/355-kokokos/1687-kokoko
2709,Kralaman,Supervillain,35,/en/mmorpg/game-guide/bestiary/539-supervillain/2709-kralaman
1217,Kralove,Kraloves,35,/en/mmorpg/game-guide/bestiary/221-kraloves/1217-kralove
1360,Lemon Blii,Jellies,35,/en/mmorpg/game-guide/bestiary/260-jellies/1360-lemon-blii
1277,Little Green Mushd,Mushds,35,/en/mmorpg/game-guide/bestiary/200-mushds/1277-little-green-mushd
1362,Mint Blii,Jellies,35,/en/mmorpg/game-guide/bestiary/260-jellies/1362-mint-blii
458,Reinette,Toads,35,/en/mmorpg/game-guide/bestiary/40-toads/458-reinette
1429,Scaraboss,Scaras,35,/en/mmorpg/game-guide/bestiary/283-scaras/1429-scaraboss
1568,Scaraboss Ghostof,Scaras,35,/en/mmorpg/game-guide/bestiary/283-scaras/1568-scaraboss-ghostof
1553,Sergeant Izungry,Snappers,35,/en/mmorpg/game-guide/bestiary/315-snappers/1553-sergeant-izungry
1600,Sergeant Izungry Ghostof,Snappers,35,/en/mmorpg/game-guide/bestiary/315-snappers/1600-sergeant-izungry-ghostof
1830,Stalagmonarch,Mount Zinit - Stalagmotes,35,/en/mmorpg/game-guide/bestiary/398-mount-zinit-stalagmotes/1830-stalagmonarch
1361,Strawberry Blii,Jellies,35,/en/mmorpg/game-guide/bestiary/260-jellies/1361-strawberry-blii
1515,Wild Gobbly,Gobballs,35,/en/mmorpg/game-guide/bestiary/2-gobballs/1515-wild-gobbly
55,Ancestral Blibli,Bliblis,36,/en/mmorpg/game-guide/bestiary/7-bliblis/55-ancestral-blibli
2264,Cloudy Tofoone,Tofus,36,/en/mmorpg/game-guide/bestiary/1-tofus/2264-cloudy-tofoone
1832,Fluffy Gobbette,Gobballs,36,/en/mmorpg/game-guide/bestiary/2-gobballs/1832-fluffy-gobbette
1809,Gunky Schnek,Mount Zinit - Schneks,36,/en/mmorpg/game-guide/bestiary/400-mount-zinit-schneks/1809-gunky-schnek
44,Royal Gobball,Gobballs,36,/en/mmorpg/game-guide/bestiary/2-gobballs/44-royal-gobball
1259,Royal Tofu,Tofus,36,/en/mmorpg/game-guide/bestiary/1-tofus/1259-royal-tofu
1511,Wild Gobball,Gobballs,37,/en/mmorpg/game-guide/bestiary/2-gobballs/1511-wild-gobball
2265,Cloudy Tofurby,Tofus,38,/en/mmorpg/game-guide/bestiary/1-tofus/2265-cloudy-tofurby
1823,Nanny Schnek,Mount Zinit - Schneks,38,/en/mmorpg/game-guide/bestiary/400-mount-zinit-schneks/1823-nanny-schnek
1826,Schnek Guard Head,Mount Zinit - Schneks,38,/en/mmorpg/game-guide/bestiary/400-mount-zinit-schneks/1826-schnek-guard-head
1820,Schnek Head,Mount Zinit - Schneks,38,/en/mmorpg/game-guide/bestiary/400-mount-zinit-schneks/1820-schnek-head
1810,Slith,Mount Zinit - Schneks,38,/en/mmorpg/game-guide/bestiary/400-mount-zinit-schneks/1810-slith
282,Arachnee Embroiderer,Arachnees,40,/en/mmorpg/game-guide/bestiary/36-arachnees/282-arachnee-embroiderer
1166,Badenalty,Riktus,40,/en/mmorpg/game-guide/bestiary/205-riktus/1166-badenalty
1815,Barry,Opulence,40,/en/mmorpg/game-guide/bestiary/407-opulence/1815-barry
2225,Belva Deer,Kwismas Creatures,40,/en/mmorpg/game-guide/bestiary/478-kwismas-creatures/2225-belva-deer
1276,Big Green Mushd,Mushds,40,/en/mmorpg/game-guide/bestiary/200-mushds/1276-big-green-mushd
1132,Big Mushd,Mushds,40,/en/mmorpg/game-guide/bestiary/200-mushds/1132-big-mushd
1696,Black Zordfish,Snappers,40,/en/mmorpg/game-guide/bestiary/315-snappers/1696-black-zordfish
901,Bloodsucker Tsu Tsu,Moskitos,40,/en/mmorpg/game-guide/bestiary/6-moskitos/901-bloodsucker-tsu-tsu
1726,Carnivorous Plant,Field Plants,40,/en/mmorpg/game-guide/bestiary/16-field-plants/1726-carnivorous-plant
2266,Celestial Tofu,Tofus,40,/en/mmorpg/game-guide/bestiary/1-tofus/2266-celestial-tofu
1227,Chief's Hat,Riktus,40,/en/mmorpg/game-guide/bestiary/205-riktus/1227-chief
1451,Crackrock,Cracklers,40,/en/mmorpg/game-guide/bestiary/290-cracklers/1451-crackrock
1247,Cupboard,Furnishings,40,/en/mmorpg/game-guide/bestiary/228-furnishings/1247-cupboard
2115,Dominant Crab,Crabs,40,/en/mmorpg/game-guide/bestiary/326-crabs/2115-dominant-crab
2118,Dominant Moogrr,Moogrr,40,/en/mmorpg/game-guide/bestiary/218-moogrr/2118-dominant-moogrr
2123,Dominant Puddly,Puddlies,40,/en/mmorpg/game-guide/bestiary/226-puddlies/2123-dominant-puddly
2126,Dominant Strich,Striches,40,/en/mmorpg/game-guide/bestiary/288-striches/2126-dominant-strich
1364,Elite Chafer,Chafers,40,/en/mmorpg/game-guide/bestiary/47-chafers/1364-elite-chafer
1831,Fluffy War Chief,Gobballs,40,/en/mmorpg/game-guide/bestiary/2-gobballs/1831-fluffy-chief
1701,Kralien,Kraloves,40,/en/mmorpg/game-guide/bestiary/221-kraloves/1701-kralien
1811,Magischnek,Mount Zinit - Schneks,40,/en/mmorpg/game-guide/bestiary/400-mount-zinit-schneks/1811-magischnek
1689,Master Mussel,Molluskies,40,/en/mmorpg/game-guide/bestiary/357-molluskies/1689-master-mussel
2286,Moofly Guard,Moogrr,40,/en/mmorpg/game-guide/bestiary/218-moogrr/2286-moofly-guard
464,Oafish Toad,Toads,40,/en/mmorpg/game-guide/bestiary/40-toads/464-oafish-toad
1688,Rokoko,Kokokos,40,/en/mmorpg/game-guide/bestiary/355-kokokos/1688-rokoko
1727,Royal Blibli,Bliblis,40,/en/mmorpg/game-guide/bestiary/7-bliblis/1727-royal-blibli
1738,Scarador,Scaras,40,/en/mmorpg/game-guide/bestiary/283-scaras/1738-scarador
1692,Sharkie,Sharks,40,/en/mmorpg/game-guide/bestiary/359-sharks/1692-sharkie
1656,Stalagnome,Stalagmotes,40,/en/mmorpg/game-guide/bestiary/346-stalagmotes/1656-stalagnome
1352,Taur,Taurs,40,/en/mmorpg/game-guide/bestiary/223-taurs/1352-taur
1353,Taur,Taurs,40,/en/mmorpg/game-guide/bestiary/223-taurs/1353-taur
1286,Taur,Taurs,40,/en/mmorpg/game-guide/bestiary/223-taurs/1286-taur
394,Trunknid,Treechnids,40,/en/mmorpg/game-guide/bestiary/48-treechnids/394-trunknid
793,Whirlikid,Whirligigs,40,/en/mmorpg/game-guide/bestiary/151-whirligigs/793-whirlikid
1512,Wild Gobbette,Gobballs,40,/en/mmorpg/game-guide/bestiary/2-gobballs/1512-wild-gobbette
1224,Young Drheller,Drhellers,40,/en/mmorpg/game-guide/bestiary/22-drhellers/1224-young-drheller
1317,Grambo,Grambos,41,/en/mmorpg/game-guide/bestiary/183-grambos/1317-grambo
1822,Schnek Guard,Mount Zinit - Schneks,42,/en/mmorpg/game-guide/bestiary/400-mount-zinit-schneks/1822-schnek-guard
1167,Badskin,Riktus,43,/en/mmorpg/game-guide/bestiary/205-riktus/1167-badskin
1516,Aggressive Gobbly,Gobballs,45,/en/mmorpg/game-guide/bestiary/2-gobballs/1516-aggressive-gobbly
1645,Boarnigen the Damasker,Bliblis,45,/en/mmorpg/game-guide/bestiary/7-bliblis/1645-boarnigen-damasker
40,Celestial Gobball,Gobballs,45,/en/mmorpg/game-guide/bestiary/2-gobballs/40-celestial-gobball
1707,Chafer King,Chafers,45,/en/mmorpg/game-guide/bestiary/47-chafers/1707-chafer-king
1452,Crackler,Cracklers,45,/en/mmorpg/game-guide/bestiary/290-cracklers/1452-crackler
1636,Dandel the Boy,Field Plants,45,/en/mmorpg/game-guide/bestiary/16-field-plants/1636-dandel-boy
2281,Dinky Guard,Puddlies,45,/en/mmorpg/game-guide/bestiary/226-puddlies/2281-dinky-guard
2119,Dominant Blibli,Bliblis,45,/en/mmorpg/game-guide/bestiary/7-bliblis/2119-dominant-blibli
2122,Dominant Plant,Field Plants,45,/en/mmorpg/game-guide/bestiary/16-field-plants/2122-dominant-plant
2125,Dominant Scara,Scaras,45,/en/mmorpg/game-guide/bestiary/283-scaras/2125-dominant-scara
2114,Dominant Snapper,Snappers,45,/en/mmorpg/game-guide/bestiary/315-snappers/2114-dominant-snapper
1753,Fridawg,Kokokos,45,/en/mmorpg/game-guide/bestiary/355-kokokos/1753-fridawg
1693,Hammer Shark,Sharks,45,/en/mmorpg/game-guide/bestiary/359-sharks/1693-hammer-shark
1700,Kralamore,Kraloves,45,/en/mmorpg/game-guide/bestiary/221-kraloves/1700-kralamore
1235,Lela,Humanoids,45,/en/mmorpg/game-guide/bestiary/202-humanoids/1235-lela
1703,Lokoko,Kokokos,45,/en/mmorpg/game-guide/bestiary/355-kokokos/1703-lokoko
281,Major Arachnee,Arachnees,45,/en/mmorpg/game-guide/bestiary/36-arachnees/281-major-arachnee
2287,Moogrroon Guard,Moogrr,45,/en/mmorpg/game-guide/bestiary/218-moogrr/2287-moogrroon-guard
1280,Pet Drheller,Drhellers,45,/en/mmorpg/game-guide/bestiary/22-drhellers/1280-pet-drheller
1749,Scaramel the Melty,Scaras,45,/en/mmorpg/game-guide/bestiary/283-scaras/1749-scaramel-melty
1824,Schnek Prisoner,Mount Zinit - Schneks,45,/en/mmorpg/game-guide/bestiary/400-mount-zinit-schneks/1824-schnek-prisoner
1690,Snailmet,Molluskies,45,/en/mmorpg/game-guide/bestiary/357-molluskies/1690-snailmet
1638,Snappy the Fishfrier,Snappers,45,/en/mmorpg/game-guide/bestiary/315-snappers/1638-snappy-fishfrier
1657,Stalagawk,Stalagmotes,45,/en/mmorpg/game-guide/bestiary/346-stalagmotes/1657-stalagawk
395,Treechorn,Treechnids,45,/en/mmorpg/game-guide/bestiary/48-treechnids/395-treechorn
1278,Tsu Tsu Tsar,Moskitos,45,/en/mmorpg/game-guide/bestiary/6-moskitos/1278-tsu-tsu-tsar
792,Whirlibig,Whirligigs,45,/en/mmorpg/game-guide/bestiary/151-whirligigs/792-whirlibig
1521,Wild War Chief,Gobballs,45,/en/mmorpg/game-guide/bestiary/2-gobballs/1521-wild-chief
1168,Badgoat,Riktus,46,/en/mmorpg/game-guide/bestiary/205-riktus/1168-badgoat
1522,Aggressive Gobball,Gobballs,47,/en/mmorpg/game-guide/bestiary/2-gobballs/1522-aggressive-gobball
2177,Amaknian Deckhand,Humanoids,48,/en/mmorpg/game-guide/bestiary/202-humanoids/2177-amaknian-deckhand
2179,Bontarian Deckhand,Humanoids,48,/en/mmorpg/game-guide/bestiary/202-humanoids/2179-bontarian-deckhand
2183,Brakmarian Deckhand,Humanoids,48,/en/mmorpg/game-guide/bestiary/202-humanoids/2183-brakmarian-deckhand
2188,Sufokian Deckhand,Humanoids,48,/en/mmorpg/game-guide/bestiary/202-humanoids/2188-sufokian-deckhand
1169,Badaclocom,Riktus,49,/en/mmorpg/game-guide/bestiary/205-riktus/1169-badaclocom
2176,Amaknian Seaman,Humanoids,50,/en/mmorpg/game-guide/bestiary/202-humanoids/2176-amaknian-seaman
1793,Ancestral Crackler,Cracklers,50,/en/mmorpg/game-guide/bestiary/290-cracklers/1793-ancestral-crackler
2799,Angry Excarnate,Excarnates,50,/en/mmorpg/game-guide/bestiary/590-excarnates/2799-angry-excarnate
2798,Angry Excarnate,Excarnates,50,/en/mmorpg/game-guide/bestiary/590-excarnates/2798-angry-excarnate
1640,Arakula the Carpature,Arachnees,50,/en/mmorpg/game-guide/bestiary/36-arachnees/1640-arakula-carpature
1232,Badaclocom,Riktus,50,/en/mmorpg/game-guide/bestiary/205-riktus/1232-badaclocom
1231,Badgoat,Riktus,50,/en/mmorpg/game-guide/bestiary/205-riktus/1231-badgoat
1230,Badskin,Riktus,50,/en/mmorpg/game-guide/bestiary/205-riktus/1230-badskin
2180,Bontarian Seaman,Humanoids,50,/en/mmorpg/game-guide/bestiary/202-humanoids/2180-bontarian-seaman
2184,Brakmarian Seaman,Humanoids,50,/en/mmorpg/game-guide/bestiary/202-humanoids/2184-brakmarian-seaman
1750,Chafaldrag the Charming,Chafers,50,/en/mmorpg/game-guide/bestiary/47-chafers/1750-chafaldrag-charming
2223,Chewed-Up Chafer,Sharks,50,/en/mmorpg/game-guide/bestiary/359-sharks/2223-chewed-up-chafer
2825,Cursed Relic,Excarnates,50,/en/mmorpg/game-guide/bestiary/590-excarnates/2825-cursed-relic
1691,Darth Mussel,Molluskies,50,/en/mmorpg/game-guide/bestiary/357-molluskies/1691-darth-mussel
2116,Dominant Kokoko,Kokokos,50,/en/mmorpg/game-guide/bestiary/355-kokokos/2116-dominant-kokoko
2120,Dominant Mushd,Mushds,50,/en/mmorpg/game-guide/bestiary/200-mushds/2120-dominant-mushd
2124,Dominant Toad,Toads,50,/en/mmorpg/game-guide/bestiary/40-toads/2124-dominant-toad
2202,Father Kwismas,Kwismas Creatures,50,/en/mmorpg/game-guide/bestiary/478-kwismas-creatures/2202-father-kwismas
2868,Grinch,Kwismas Creatures,50,/en/mmorpg/game-guide/bestiary/478-kwismas-creatures/2868-grinch
1534,Impetuous Gobbette,Gobballs,50,/en/mmorpg/game-guide/bestiary/2-gobballs/1534-impetuous-gobbette
2826,Major Excarnate,Excarnates,50,/en/mmorpg/game-guide/bestiary/590-excarnates/2826-major-excarnate
1406,Michelangecrow,Humanoids,50,/en/mmorpg/game-guide/bestiary/202-humanoids/1406-michelangecrow
2288,Moogrr Guard,Moogrr,50,/en/mmorpg/game-guide/bestiary/218-moogrr/2288-moogrr-guard
1456,Moon,Boowolves,50,/en/mmorpg/game-guide/bestiary/55-boowolves/1456-moon
1751,Old Binson,Kokokos,50,/en/mmorpg/game-guide/bestiary/355-kokokos/1751-old-binson
1351,Polter,Polters,50,/en/mmorpg/game-guide/bestiary/193-polters/1351-polter
1346,Polter,Polters,50,/en/mmorpg/game-guide/bestiary/193-polters/1346-polter
1350,Polter,Polters,50,/en/mmorpg/game-guide/bestiary/193-polters/1350-polter
2279,Puddly Guard,Puddlies,50,/en/mmorpg/game-guide/bestiary/226-puddlies/2279-puddly-guard
1837,Queen Schnek,Mount Zinit - Schneks,50,/en/mmorpg/game-guide/bestiary/400-mount-zinit-schneks/1837-queen-schnek
1694,Spear Shark,Sharks,50,/en/mmorpg/game-guide/bestiary/359-sharks/1694-spear-shark
1658,Stalaguar,Stalagmotes,50,/en/mmorpg/game-guide/bestiary/346-stalagmotes/1658-stalaguar
2289,Strichon Guard,Striches,50,/en/mmorpg/game-guide/bestiary/288-striches/2289-strichon-guard
2189,Sufokian Seaman,Humanoids,50,/en/mmorpg/game-guide/bestiary/202-humanoids/2189-sufokian-seaman
2282,Surimi Guard,Crabs,50,/en/mmorpg/game-guide/bestiary/326-crabs/2282-surimi-guard
1223,Trained Drheller,Drhellers,50,/en/mmorpg/game-guide/bestiary/22-drhellers/1223-trained-drheller
396,Treechnid,Treechnids,50,/en/mmorpg/game-guide/bestiary/48-treechnids/396-treechnid
795,Whirlitsar,Whirligigs,50,/en/mmorpg/game-guide/bestiary/151-whirligigs/795-whirlitsar
2765,Wild Gobball,Wild Estate - Wild Gobballs,50,/en/mmorpg/game-guide/bestiary/581-wild-estate-wild-gobballs/2765-wild-gobball
2175,Amaknian Quartermaster,Humanoids,52,/en/mmorpg/game-guide/bestiary/202-humanoids/2175-amaknian-quartermaster
2181,Bontarian Quartermaster,Humanoids,52,/en/mmorpg/game-guide/bestiary/202-humanoids/2181-bontarian-quartermaster
2185,Brakmarian Quartermaster,Humanoids,52,/en/mmorpg/game-guide/bestiary/202-humanoids/2185-brakmarian-quartermaster
2766,Shaman Gobbette,Wild Estate - Wild Gobballs,52,/en/mmorpg/game-guide/bestiary/581-wild-estate-wild-gobballs/2766-shaman-gobbette
2187,Sufokian Quartermaster,Humanoids,52,/en/mmorpg/game-guide/bestiary/202-humanoids/2187-sufokian-quartermaster
2767,Wild Gobbly,Wild Estate - Wild Gobballs,54,/en/mmorpg/game-guide/bestiary/581-wild-estate-wild-gobballs/2767-wild-gobbly
2174,Amaknian Privateer Captain,Humanoids,55,/en/mmorpg/game-guide/bestiary/202-humanoids/2174-amaknian-privateer-captain
2182,Bontarian Privateer Captain,Humanoids,55,/en/mmorpg/game-guide/bestiary/202-humanoids/2182-bontarian-privateer-captain
2186,Brakmarian Privateer Captain,Humanoids,55,/en/mmorpg/game-guide/bestiary/202-humanoids/2186-brakmarian-privateer-captain
1769,Brigadier Badenalty,Riktus,55,/en/mmorpg/game-guide/bestiary/205-riktus/1769-brigadier-badenalty
2770,Bwork Miner,Bworks,55,/en/mmorpg/game-guide/bestiary/584-bworks/2770-bwork-miner
1767,Centurion Badgoat,Riktus,55,/en/mmorpg/game-guide/bestiary/205-riktus/1767-centurion-badgoat
2163,Chaos Deckhand,Humanoids,55,/en/mmorpg/game-guide/bestiary/202-humanoids/2163-chaos-deckhand
2162,Chaos Deckhand,Humanoids,55,/en/mmorpg/game-guide/bestiary/202-humanoids/2162-chaos-deckhand
2165,Chaos Deckhand,Humanoids,55,/en/mmorpg/game-guide/bestiary/202-humanoids/2165-chaos-deckhand
2164,Chaos Deckhand,Humanoids,55,/en/mmorpg/game-guide/bestiary/202-humanoids/2164-chaos-deckhand
2283,Crablock Guard,Crabs,55,/en/mmorpg/game-guide/bestiary/326-crabs/2283-crablock-guard
2136,Dominant Arachnee,Arachnees,55,/en/mmorpg/game-guide/bestiary/36-arachnees/2136-dominant-arachnee
2141,Dominant Wild Gobball,Gobballs,55,/en/mmorpg/game-guide/bestiary/2-gobballs/2141-dominant-wild-gobball
1537,Impetuous War Chief,Gobballs,55,/en/mmorpg/game-guide/bestiary/2-gobballs/1537-impetuous-chief
2714,Lardevil,Supervillain,55,/en/mmorpg/game-guide/bestiary/539-supervillain/2714-lardevil
1766,Major Badaclocom,Riktus,55,/en/mmorpg/game-guide/bestiary/205-riktus/1766-major-badaclocom
2280,Mama Pudd,Puddlies,55,/en/mmorpg/game-guide/bestiary/226-puddlies/2280-mama-pudd
1768,Private Badskin,Riktus,55,/en/mmorpg/game-guide/bestiary/205-riktus/1768-private-badskin
2290,Strich Guard,Striches,55,/en/mmorpg/game-guide/bestiary/288-striches/2290-strich-guard
2190,Sufokian Privateer Captain,Humanoids,55,/en/mmorpg/game-guide/bestiary/202-humanoids/2190-sufokian-privateer-captain
2764,Wild War Chief,Wild Estate - Wild Gobballs,55,/en/mmorpg/game-guide/bestiary/581-wild-estate-wild-gobballs/2764-wild-chief
2210,Brut Alize,Hoodlums,56,/en/mmorpg/game-guide/bestiary/294-hoodlums/2210-brut-alize
2209,Robbin Hoody,Hoodlums,56,/en/mmorpg/game-guide/bestiary/294-hoodlums/2209-robbin-hoody
2771,Bwork Bomber,Bworks,57,/en/mmorpg/game-guide/bestiary/584-bworks/2771-bwork-bomber
2211,Sakura T. the Paladin,Hoodlums,57,/en/mmorpg/game-guide/bestiary/294-hoodlums/2211-sakura-paladin
2212,Suzi Oozi,Hoodlums,57,/en/mmorpg/game-guide/bestiary/294-hoodlums/2212-suzi-oozi
2213,Violent Boreguard,Hoodlums,57,/en/mmorpg/game-guide/bestiary/294-hoodlums/2213-violent-boreguard
2218,Arnold Shielder,Hoodlums,58,/en/mmorpg/game-guide/bestiary/294-hoodlums/2218-arnold-shielder
2214,Garth Fyld,Hoodlums,58,/en/mmorpg/game-guide/bestiary/294-hoodlums/2214-garth-fyld
2217,Harlet O'Scarra,Hoodlums,58,/en/mmorpg/game-guide/bestiary/294-hoodlums/2217-harlet-o-scarra
2772,Bwork Warrior,Bworks,59,/en/mmorpg/game-guide/bestiary/584-bworks/2772-bwork-warrior
2220,Lady Windya,Hoodlums,59,/en/mmorpg/game-guide/bestiary/294-hoodlums/2220-lady-windya
2215,Magnolia Plata,Hoodlums,59,/en/mmorpg/game-guide/bestiary/294-hoodlums/2215-magnolia-plata
2219,Yakitori Saké,Hoodlums,59,/en/mmorpg/game-guide/bestiary/294-hoodlums/2219-yakitori-sake
1682,Captain Panddock,Humanoids,60,/en/mmorpg/game-guide/bestiary/202-humanoids/1682-captain-panddock
2172,Chaos Quartermaster,Humanoids,60,/en/mmorpg/game-guide/bestiary/202-humanoids/2172-chaos-quartermaster
2278,Chief Puddly Guard,Puddlies,60,/en/mmorpg/game-guide/bestiary/226-puddlies/2278-chief-puddly-guard
2284,Crabstix Guard,Crabs,60,/en/mmorpg/game-guide/bestiary/326-crabs/2284-crabstix-guard
2887,Demon Buster,Humanoids,60,/en/mmorpg/game-guide/bestiary/202-humanoids/2887-demon-buster
2128,Dominant Mollusky,Molluskies,60,/en/mmorpg/game-guide/bestiary/357-molluskies/2128-dominant-mollusky
2117,Dominant Shark,Sharks,60,/en/mmorpg/game-guide/bestiary/359-sharks/2117-dominant-shark
2127,Dominant Stalagmote,Stalagmotes,60,/en/mmorpg/game-guide/bestiary/346-stalagmotes/2127-dominant-stalagmote
2121,Dominant Treechnid,Treechnids,60,/en/mmorpg/game-guide/bestiary/48-treechnids/2121-dominant-treechnid
1635,Firedrhell the Untimely,Drhellers,60,/en/mmorpg/game-guide/bestiary/22-drhellers/1635-firedrhell-untimely
1771,Hatilla the Fun,Riktus,60,/en/mmorpg/game-guide/bestiary/205-riktus/1771-hatilla-fun
2222,Mechaflex,Hoodlums,60,/en/mmorpg/game-guide/bestiary/294-hoodlums/2222-mechaflex
1435,Miliboowolf,Boowolves,60,/en/mmorpg/game-guide/bestiary/55-boowolves/1435-miliboowolf
2888,Occult Cult Member,Humanoids,60,/en/mmorpg/game-guide/bestiary/202-humanoids/2888-occult-cult-member
1908,Rey Mystroolio,,60,/en/mmorpg/game-guide/bestiary/335-/1908-rey-mystroolio
2221,Sneaky Spice,Hoodlums,60,/en/mmorpg/game-guide/bestiary/294-hoodlums/2221-sneaky-spice
1856,Spektra,Humanoids,60,/en/mmorpg/game-guide/bestiary/202-humanoids/1856-spektra
1905,The Undertroolker,,60,/en/mmorpg/game-guide/bestiary/335-/1905-undertroolker
2291,Thingamastrich Guard,Striches,60,/en/mmorpg/game-guide/bestiary/288-striches/2291-thingamastrich-guard
1902,Troolk Hogan,,60,/en/mmorpg/game-guide/bestiary/335-/1902-troolk-hogan
2216,Xeyr the Dominator,Hoodlums,60,/en/mmorpg/game-guide/bestiary/294-hoodlums/2216-xeyr-dominator
2773,Cybwork,Bworks,61,/en/mmorpg/game-guide/bestiary/584-bworks/2773-cybwork
1433,Boowolf,Boowolves,62,/en/mmorpg/game-guide/bestiary/55-boowolves/1433-boowolf
2159,Calamar Island Starfish,Calamar Island,62,/en/mmorpg/game-guide/bestiary/468-calamar-island/2159-calamar-island-starfish
1434,Boowolfine,Boowolves,64,/en/mmorpg/game-guide/bestiary/55-boowolves/1434-boowolfine
2158,Exotic Crab,Calamar Island,64,/en/mmorpg/game-guide/bestiary/468-calamar-island/2158-exotic-crab
1348,Ancestral Treechnid,Treechnids,65,/en/mmorpg/game-guide/bestiary/48-treechnids/1348-ancestral-treechnid
2173,Chaos Captain,Humanoids,65,/en/mmorpg/game-guide/bestiary/202-humanoids/2173-chaos-captain
2194,Dark Hurl Deckhand,Humanoids,65,/en/mmorpg/game-guide/bestiary/202-humanoids/2194-dark-hurl-deckhand
2193,Dark Hurl Deckhand,Humanoids,65,/en/mmorpg/game-guide/bestiary/202-humanoids/2193-dark-hurl-deckhand
2768,Great Wild Gobball,Wild Estate - Wild Gobballs,65,/en/mmorpg/game-guide/bestiary/581-wild-estate-wild-gobballs/2768-great-wild-gobball
2178,Kralaboss,Kraloves,65,/en/mmorpg/game-guide/bestiary/221-kraloves/2178-kralaboss
1281,Rascal,Drhellers,65,/en/mmorpg/game-guide/bestiary/22-drhellers/1281-rascal
2285,Royal Crab,Crabs,65,/en/mmorpg/game-guide/bestiary/326-crabs/2285-royal-crab
2198,Royal Crackler,Cracklers,65,/en/mmorpg/game-guide/bestiary/290-cracklers/2198-royal-crackler
2271,Royal Moogrr,Moogrr,65,/en/mmorpg/game-guide/bestiary/218-moogrr/2271-royal-moogrr
2272,Royal Puddly,Puddlies,65,/en/mmorpg/game-guide/bestiary/226-puddlies/2272-royal-puddly
2197,Royal Shark,Sharks,65,/en/mmorpg/game-guide/bestiary/359-sharks/2197-royal-shark
2273,Royal Strich,Striches,65,/en/mmorpg/game-guide/bestiary/288-striches/2273-royal-strich
2262,Royal Whirly,Whirligigs,65,/en/mmorpg/game-guide/bestiary/151-whirligigs/2262-royal-whirly
1156,Snoofle,Snoofles,65,/en/mmorpg/game-guide/bestiary/207-snoofles/1156-snoofle
1858,Fake Dark Vlad,Humanoids,66,/en/mmorpg/game-guide/bestiary/202-humanoids/1858-fake-dark-vlad
1780,Miliboowerewolf,Boowerewolves,66,/en/mmorpg/game-guide/bestiary/395-boowerewolves/1780-miliboowerewolf
1784,Croboar,Crobaks,67,/en/mmorpg/game-guide/bestiary/64-crobaks/1784-croboar
2161,Mussy Elliot,Calamar Island,67,/en/mmorpg/game-guide/bestiary/468-calamar-island/2161-mussy-elliot
1781,Boowerewolf,Boowerewolves,68,/en/mmorpg/game-guide/bestiary/395-boowerewolves/1781-boowerewolf
1152,Crobak,Crobaks,69,/en/mmorpg/game-guide/bestiary/64-crobaks/1152-crobak
1787,Accelerat,Rats,70,/en/mmorpg/game-guide/bestiary/28-rats/1787-accelerat
2230,Arachnobomb,Arachnoshimas,70,/en/mmorpg/game-guide/bestiary/272-arachnoshimas/2230-arachnobomb
2192,Dark Hurl Quartermaster,Humanoids,70,/en/mmorpg/game-guide/bestiary/202-humanoids/2192-dark-hurl-quartermaster
2458,Dizzy Accelerat,Rats,70,/en/mmorpg/game-guide/bestiary/28-rats/2458-dizzy-accelerat
2208,Djak,Humanoids,70,/en/mmorpg/game-guide/bestiary/202-humanoids/2208-djak
2207,Djak,Humanoids,70,/en/mmorpg/game-guide/bestiary/202-humanoids/2207-djak
2206,Djak,Humanoids,70,/en/mmorpg/game-guide/bestiary/202-humanoids/2206-djak
2160,Exotic Albatrocious,Calamar Island,70,/en/mmorpg/game-guide/bestiary/468-calamar-island/2160-exotic-albatrocious
1792,Hairy Moon,Boowerewolves,70,/en/mmorpg/game-guide/bestiary/395-boowerewolves/1792-hairy-moon
1803,Lunar Priestess,Boowerewolves,70,/en/mmorpg/game-guide/bestiary/395-boowerewolves/1803-lunar-priestess
1782,Lunar Priestess,Boowerewolves,70,/en/mmorpg/game-guide/bestiary/395-boowerewolves/1782-lunar-priestess
2442,Rey Mystroolrio,,70,/en/mmorpg/game-guide/bestiary/335-/2442-rey-mystroolrio
2441,The Undertroolker,,70,/en/mmorpg/game-guide/bestiary/335-/2441-undertroolker
2774,Thork,Bworks,70,/en/mmorpg/game-guide/bestiary/584-bworks/2774-thork
2145,Tofulix the Tubby,Tofus,70,/en/mmorpg/game-guide/bestiary/1-tofus/2145-tofulix-tubby
1899,Trool,,70,/en/mmorpg/game-guide/bestiary/335-/1899-trool
2440,Troolk Hoogan,,70,/en/mmorpg/game-guide/bestiary/335-/2440-troolk-hoogan
1390,Albinarachnee,Arachnoshimas,72,/en/mmorpg/game-guide/bestiary/272-arachnoshimas/1390-albinarachnee
1153,Crobeak,Crobaks,72,/en/mmorpg/game-guide/bestiary/64-crobaks/1153-crobeak
2459,Dizzy Rattler,Rats,72,/en/mmorpg/game-guide/bestiary/28-rats/2459-dizzy-rattler
1789,Rattler,Rats,72,/en/mmorpg/game-guide/bestiary/28-rats/1789-rattler
1790,Blimprat,Rats,74,/en/mmorpg/game-guide/bestiary/28-rats/1790-blimprat
2457,Dizzy Blimprat,Rats,74,/en/mmorpg/game-guide/bestiary/28-rats/2457-dizzy-blimprat
2130,Dominant Boowolf,Boowolves,74,/en/mmorpg/game-guide/bestiary/55-boowolves/2130-dominant-boowolf
1776,Felonious Monk,Monks,74,/en/mmorpg/game-guide/bestiary/386-monks/1776-felonious-monk
1391,Spectral Arachnee,Arachnoshimas,74,/en/mmorpg/game-guide/bestiary/272-arachnoshimas/1391-spectral-arachnee
2359,Brrrbliwi,Icikles,75,/en/mmorpg/game-guide/bestiary/507-icikles/2359-brrrbliwi
2195,Captain of the Dark Hurl,Humanoids,75,/en/mmorpg/game-guide/bestiary/202-humanoids/2195-captain-dark-hurl
1155,Crobak Chief,Crobaks,75,/en/mmorpg/game-guide/bestiary/64-crobaks/1155-crobak-chief
2710,Decepticod,Supervillain,75,/en/mmorpg/game-guide/bestiary/539-supervillain/2710-decepticod
2228,Hoodfella,Hoodlums,75,/en/mmorpg/game-guide/bestiary/294-hoodlums/2228-hoodfella
1392,Arachnoplasm,Arachnoshimas,76,/en/mmorpg/game-guide/bestiary/272-arachnoshimas/1392-arachnoplasm
1827,Ghoul,Ghouls,76,/en/mmorpg/game-guide/bestiary/405-ghouls/1827-ghoul
1777,Grim Preacher,Monks,76,/en/mmorpg/game-guide/bestiary/386-monks/1777-grim-preacher
2360,Brrrbli,Icikles,78,/en/mmorpg/game-guide/bestiary/507-icikles/2360-brrrbli
1778,Skidmonk,Monks,78,/en/mmorpg/game-guide/bestiary/386-monks/1778-skidmonk
1829,Borbat,Ghouls,79,/en/mmorpg/game-guide/bestiary/405-ghouls/1829-borbat
1170,Baddoboss,Riktus,80,/en/mmorpg/game-guide/bestiary/205-riktus/1170-baddoboss
2314,Cloudy Strichon,Striches,80,/en/mmorpg/game-guide/bestiary/288-striches/2314-cloudy-strichon
2131,Dominant Exotic Creature,Calamar Island,80,/en/mmorpg/game-guide/bestiary/468-calamar-island/2131-dominant-exotic-creature
1779,Friar Tubs,Monks,80,/en/mmorpg/game-guide/bestiary/386-monks/1779-friar-tubs
1171,Gobby Bulga,Crobaks,80,/en/mmorpg/game-guide/bestiary/64-crobaks/1171-gobby-bulga
1825,Beefy Borbat,Ghouls,82,/en/mmorpg/game-guide/bestiary/405-ghouls/1825-beefy-borbat
2362,Frozenhorn Brrrbli,Icikles,82,/en/mmorpg/game-guide/bestiary/507-icikles/2362-frozenhorn-brrrbli
2129,Dominant Rat,Rats,84,/en/mmorpg/game-guide/bestiary/28-rats/2129-dominant-rat
2313,Ratical,Rats,84,/en/mmorpg/game-guide/bestiary/28-rats/2313-ratical
1393,Black Widow,Arachnoshimas,85,/en/mmorpg/game-guide/bestiary/272-arachnoshimas/1393-black-widow
2315,Cloudy Strich,Striches,85,/en/mmorpg/game-guide/bestiary/288-striches/2315-cloudy-strich
2132,Dominant Crobak,Crobaks,85,/en/mmorpg/game-guide/bestiary/64-crobaks/2132-dominant-crobak
1828,Ghourmand,Ghouls,85,/en/mmorpg/game-guide/bestiary/405-ghouls/1828-ghourmand
2074,Infantry Whisperers,Whisperers,85,/en/mmorpg/game-guide/bestiary/451-whisperers/2074-infantry-whisperers
2460,Muss Tashio,Bilbibeach monsters,85,/en/mmorpg/game-guide/bestiary/528-bilbibeach-monsters/2460-muss-tashio
1786,Nun,Monks,85,/en/mmorpg/game-guide/bestiary/386-monks/1786-nun
2361,Steely Brrrbli,Icikles,85,/en/mmorpg/game-guide/bestiary/507-icikles/2361-steely-brrrbli
2462,Baby Sludgeworm,Bilbibeach monsters,87,/en/mmorpg/game-guide/bestiary/528-bilbibeach-monsters/2462-baby-sludgeworm
2465,Blue Raspberry Bilbiboy,Bilbiboyz,90,/en/mmorpg/game-guide/bestiary/531-bilbiboyz/2465-blue-raspberry-bilbiboy
2316,Cloudy Thingamastrich,Striches,90,/en/mmorpg/game-guide/bestiary/288-striches/2316-cloudy-thingamastrich
2364,Crobamoth,Boohemoth,90,/en/mmorpg/game-guide/bestiary/510-boohemoth/2364-crobamoth
2075,Crossbow Whisperers,Whisperers,90,/en/mmorpg/game-guide/bestiary/451-whisperers/2075-crossbow-whisperers
2443,El Pochito,,90,/en/mmorpg/game-guide/bestiary/335-/2443-pochito
1801,Milimoowolf,Boowolves,90,/en/mmorpg/game-guide/bestiary/55-boowolves/1801-milimoowolf
2463,Vermicious Sludgeworm,Bilbibeach monsters,90,/en/mmorpg/game-guide/bestiary/528-bilbibeach-monsters/2463-vermicious-sludgeworm
2365,Crobamoon,Boohemoth,93,/en/mmorpg/game-guide/bestiary/510-boohemoth/2365-crobamoon
2466,Mint Bilbigirl,Bilbiboyz,93,/en/mmorpg/game-guide/bestiary/531-bilbiboyz/2466-mint-bilbigirl
2363,Brrrbley Spears,Icikles,95,/en/mmorpg/game-guide/bestiary/507-icikles/2363-brrrbley-spears
2317,Celestial Strich,Striches,95,/en/mmorpg/game-guide/bestiary/288-striches/2317-celestial-strich
2461,Clammer Shark,Bilbibeach monsters,95,/en/mmorpg/game-guide/bestiary/528-bilbibeach-monsters/2461-clammer-shark
2133,Dominant Borbat,Ghouls,95,/en/mmorpg/game-guide/bestiary/405-ghouls/2133-dominant-borbat
2708,Merkator,Supervillain,95,/en/mmorpg/game-guide/bestiary/539-supervillain/2708-merkator
2142,Standard-Bearing Sergeant,Whisperers,95,/en/mmorpg/game-guide/bestiary/451-whisperers/2142-standard-bearing-sergeant
2076,Standard-Bearing Whisperer,Whisperers,95,/en/mmorpg/game-guide/bestiary/451-whisperers/2076-standard-bearing-whisperer
2398,Tyr Anis Deckhand,Humanoids,95,/en/mmorpg/game-guide/bestiary/202-humanoids/2398-tyr-anis-deckhand
2436,Tyr Anis Pathfinder,Humanoids,95,/en/mmorpg/game-guide/bestiary/202-humanoids/2436-tyr-anis-pathfinder
1836,Vampyro,Ghouls,95,/en/mmorpg/game-guide/bestiary/405-ghouls/1836-vampyro
1339,Blue Raspberry Jelly,Jellies,96,/en/mmorpg/game-guide/bestiary/260-jellies/1339-blue-raspberry-jelly
2366,Boohemoon,Boohemoth,96,/en/mmorpg/game-guide/bestiary/510-boohemoth/2366-boohemoon
2467,Strawberry Bilbiboy,Bilbiboyz,96,/en/mmorpg/game-guide/bestiary/531-bilbiboyz/2467-strawberry-bilbiboy
2437,Tyr Anis Scout,Humanoids,98,/en/mmorpg/game-guide/bestiary/202-humanoids/2437-tyr-anis-scout
2400,Tyr Anis Seaman,Humanoids,98,/en/mmorpg/game-guide/bestiary/202-humanoids/2400-tyr-anis-seaman
1341,Strawberry Jelly,Jellies,99,/en/mmorpg/game-guide/bestiary/260-jellies/1341-strawberry-jelly
2013,Boris Eca,Humanoids,100,/en/mmorpg/game-guide/bestiary/202-humanoids/2013-boris-eca
2401,Captain of the Tyr Anis,Humanoids,100,/en/mmorpg/game-guide/bestiary/202-humanoids/2401-captain-tyr-anis
2367,Enraged Boohemoth,Boohemoth,100,/en/mmorpg/game-guide/bestiary/510-boohemoth/2367-enraged-boohemoth
1652,Ghoto,Ghostofs,100,/en/mmorpg/game-guide/bestiary/12-ghostofs/1652-ghoto
2468,Lemon Bilbigirl,Bilbiboyz,100,/en/mmorpg/game-guide/bestiary/531-bilbiboyz/2468-lemon-bilbigirl
2016,Ligoriss,Humanoids,100,/en/mmorpg/game-guide/bestiary/202-humanoids/2016-ligoriss
1852,Madame Pipi,Humanoids,100,/en/mmorpg/game-guide/bestiary/202-humanoids/1852-madame-pipi
3008,Ocushu,,100,/en/mmorpg/game-guide/bestiary/278-/3008-ocushu
2464,Pearly Bilbimussel,Bilbibeach monsters,100,/en/mmorpg/game-guide/bestiary/528-bilbibeach-monsters/2464-pearly-bilbimussel
3007,Shiemahn,,100,/en/mmorpg/game-guide/bestiary/278-/3007-shiemahn
3009,Shusnitch,,100,/en/mmorpg/game-guide/bestiary/278-/3009-shusnitch
2827,Spectrex the Tormentor,,100,/en/mmorpg/game-guide/bestiary/278-/2827-spectrex-tormentor
1653,Stof,Ghostofs,100,/en/mmorpg/game-guide/bestiary/12-ghostofs/1653-stof
2088,The Lisper,Whisperers,100,/en/mmorpg/game-guide/bestiary/451-whisperers/2088-lisper
2015,Tibia Thrasher,Humanoids,100,/en/mmorpg/game-guide/bestiary/202-humanoids/2015-tibia-thrasher
2438,Tyr Anis Guide,Humanoids,100,/en/mmorpg/game-guide/bestiary/202-humanoids/2438-tyr-anis-guide
2078,Whispered Crackler,Whisperers,100,/en/mmorpg/game-guide/bestiary/451-whisperers/2078-whispered-crackler
2339,Crackmite,Polar Cracklers,102,/en/mmorpg/game-guide/bestiary/497-polar-cracklers/2339-crackmite
1358,Lemon Jelly,Jellies,102,/en/mmorpg/game-guide/bestiary/260-jellies/1358-lemon-jelly
1340,Mint Jelly,Jellies,105,/en/mmorpg/game-guide/bestiary/260-jellies/1340-mint-jelly
2344,Northern Brute,Northern Chafers,105,/en/mmorpg/game-guide/bestiary/500-northern-chafers/2344-northern-brute
2340,Polar Crackern,Polar Cracklers,105,/en/mmorpg/game-guide/bestiary/497-polar-cracklers/2340-polar-crackern
2529,Translucent King Jellix,Jellies,105,/en/mmorpg/game-guide/bestiary/260-jellies/2529-translucent-king-jellix
2083,Whispered Crackrock,Whisperers,105,/en/mmorpg/game-guide/bestiary/451-whisperers/2083-whispered-crackrock
2143,Whispered Crackrock Lieutenant,Whisperers,105,/en/mmorpg/game-guide/bestiary/451-whisperers/2143-whispered-crackrock-lieutenant
2341,Cracktite,Polar Cracklers,108,/en/mmorpg/game-guide/bestiary/497-polar-cracklers/2341-cracktite
2345,Northern Guard,Northern Chafers,109,/en/mmorpg/game-guide/bestiary/500-northern-chafers/2345-northern-guard
2084,Big Whispered Crackler,Whisperers,110,/en/mmorpg/game-guide/bestiary/451-whisperers/2084-big-whispered-crackler
2469,Bilby Queen,Bilbiboyz,110,/en/mmorpg/game-guide/bestiary/531-bilbiboyz/2469-bilby-queen
2532,Blue Raspberry King Jellix,Jellies,110,/en/mmorpg/game-guide/bestiary/260-jellies/2532-blue-raspberry-king-jellix
2342,Crackchok,Polar Cracklers,110,/en/mmorpg/game-guide/bestiary/497-polar-cracklers/2342-crackchok
2533,Lemon King Jellix,Jellies,110,/en/mmorpg/game-guide/bestiary/260-jellies/2533-lemon-king-jellix
2350,Mechabra,Mekas,110,/en/mmorpg/game-guide/bestiary/504-mekas/2350-mechabra
2530,Mint King Jellix,Jellies,110,/en/mmorpg/game-guide/bestiary/260-jellies/2530-mint-king-jellix
2531,Strawberry King Jellix,Jellies,110,/en/mmorpg/game-guide/bestiary/260-jellies/2531-strawberry-king-jellix
2144,Whispered Crackler General,Whisperers,110,/en/mmorpg/game-guide/bestiary/451-whisperers/2144-whispered-crackler-general
2368,YeCh'Ti'Wawa,Boohemoth,110,/en/mmorpg/game-guide/bestiary/510-boohemoth/2368-yech-ti-wawa
2346,Northern Archer,Northern Chafers,112,/en/mmorpg/game-guide/bestiary/500-northern-chafers/2346-northern-archer
2351,Mechrobak,Mekas,114,/en/mmorpg/game-guide/bestiary/504-mekas/2351-mechrobak
2347,Northern Tracker,Northern Chafers,115,/en/mmorpg/game-guide/bestiary/500-northern-chafers/2347-northern-tracker
2352,Mechanistro,Mekas,117,/en/mmorpg/game-guide/bestiary/504-mekas/2352-mechanistro
2559,Black Tiwabbit,Black Wabbit,120,/en/mmorpg/game-guide/bestiary/548-black-wabbit/2559-black-tiwabbit
2134,Dominant Whisperer,Whisperers,120,/en/mmorpg/game-guide/bestiary/451-whisperers/2134-dominant-whisperer
1345,Emperor Jellix,Jellies,120,/en/mmorpg/game-guide/bestiary/260-jellies/1345-emperor-jellix
2343,Hagen Daz,Polar Cracklers,120,/en/mmorpg/game-guide/bestiary/497-polar-cracklers/2343-hagen-daz
2100,Master Shhhudoku,Whisperers,120,/en/mmorpg/game-guide/bestiary/451-whisperers/2100-master-shhhudoku
2353,Mechazerker,Mekas,120,/en/mmorpg/game-guide/bestiary/504-mekas/2353-mechazerker
2560,Black Wabbit,Black Wabbit,122,/en/mmorpg/game-guide/bestiary/548-black-wabbit/2560-black-wabbit
2562,Black Gwandpa Wabbit,Black Wabbit,125,/en/mmorpg/game-guide/bestiary/548-black-wabbit/2562-black-gwandpa-wabbit
2348,Kya, Missiz Freezz,Northern Chafers,125,/en/mmorpg/game-guide/bestiary/500-northern-chafers/2348-kya-missiz-freezz
2550,Mini-Lenald,Lenald,125,/en/mmorpg/game-guide/bestiary/545-lenald/2550-mini-lenald
2551,Lenald,Lenald,127,/en/mmorpg/game-guide/bestiary/545-lenald/2551-lenald
2561,Black Wo Wabbit,Black Wabbit,128,/en/mmorpg/game-guide/bestiary/548-black-wabbit/2561-black-wabbit
2552,Old Lenald,Lenald,130,/en/mmorpg/game-guide/bestiary/545-lenald/2552-old-lenald
2354,Sylargh,Mekas,130,/en/mmorpg/game-guide/bestiary/504-mekas/2354-sylargh
2565,Tiwabbit,Wabbits,130,/en/mmorpg/game-guide/bestiary/552-wabbits/2565-tiwabbit
2566,Wabbit,Wabbits,132,/en/mmorpg/game-guide/bestiary/552-wabbits/2566-wabbit
2553,Fatt Lenald,Lenald,133,/en/mmorpg/game-guide/bestiary/545-lenald/2553-fatt-lenald
2606,Boney Tiwabbit,Zwombbits,135,/en/mmorpg/game-guide/bestiary/560-zwombbits/2606-boney-tiwabbit
2567,Wo Wabbit,Wabbits,135,/en/mmorpg/game-guide/bestiary/552-wabbits/2567-wabbit
2563,Black Wabbit Emiw,Black Wabbit,138,/en/mmorpg/game-guide/bestiary/548-black-wabbit/2563-black-wabbit-emiw
2604,Boney Wabbit,Zwombbits,138,/en/mmorpg/game-guide/bestiary/560-zwombbits/2604-boney-wabbit
2568,Gwandpa Wabbit,Wabbits,138,/en/mmorpg/game-guide/bestiary/552-wabbits/2568-gwandpa-wabbit
2577,Wabbit Shawpshootew,Wabbit Guawds,140,/en/mmorpg/game-guide/bestiary/556-wabbit-guawds/2577-wabbit-shawpshootew
2607,Bandaged Gwandpa Zwombbit,Zwombbits,141,/en/mmorpg/game-guide/bestiary/560-zwombbits/2607-bandaged-gwandpa-zwombbit
2578,Wabbit Cavalier,Wabbit Guawds,142,/en/mmorpg/game-guide/bestiary/556-wabbit-guawds/2578-wabbit-cavalier
2556,Lenald Empelol,Lenald,143,/en/mmorpg/game-guide/bestiary/545-lenald/2556-lenald-empelol
2608,Wo Zwombbit,Zwombbits,143,/en/mmorpg/game-guide/bestiary/560-zwombbits/2608-zwombbit
2579,Wabbit Guawd,Wabbit Guawds,144,/en/mmorpg/game-guide/bestiary/556-wabbit-guawds/2579-wabbit-guawd
2580,Wobot,Wabbit Guawds,145,/en/mmorpg/game-guide/bestiary/556-wabbit-guawds/2580-wobot
2570,Gwand Viziew Wabbit,Wabbits,148,/en/mmorpg/game-guide/bestiary/552-wabbits/2570-gwand-viziew-wabbit
2581,Wobot in Chief,Wabbit Guawds,150,/en/mmorpg/game-guide/bestiary/556-wabbit-guawds/2581-wobot-chief
2605,Gweat GM Wabbit,Zwombbits,153,/en/mmorpg/game-guide/bestiary/560-zwombbits/2605-gweat-gm-wabbit
2582,Wa Wabbit,Wabbit Guawds,155,/en/mmorpg/game-guide/bestiary/556-wabbit-guawds/2582-wa-wabbit
1986,Excarnus,Ultimate Bosses,480,/en/mmorpg/game-guide/bestiary/436-ultimate-bosses/1986-excarnus
1987,Milkar the Moowolf,Ultimate Bosses,540,/en/mmorpg/game-guide/bestiary/436-ultimate-bosses/1987-milkar-moowolf
1988,Black Crow,Ultimate Bosses,630,/en/mmorpg/game-guide/bestiary/436-ultimate-bosses/1988-black-crow
42,Magmog the Gobbalrog,Ultimate Bosses,690,/en/mmorpg/game-guide/bestiary/436-ultimate-bosses/42-magmog-gobbalrog
2986,Teslah Disciple,,0,/en/mmorpg/game-guide/bestiary/278-/2986-teslah-disciple

